pokemon,pokemon_id,types,location_area,location_area_slug,version,method,min_level,max_level,chance,conditions,habitat,color,shape,growth_rate,gender_rate,female_ratio,male_ratio,is_legendary,is_mythical
arbok,24,poison,Cerulean Cave 1f,cerulean-cave-1f,red,walk,52,52,10,,grassland,purple,squiggle,medium,4,0.5,0.5,false,false
ditto,132,normal,Cerulean Cave 1f,cerulean-cave-1f,red,walk,53,53,1,,urban,purple,ball,medium,-1,,,false,false
dodrio,85,normal|flying,Cerulean Cave 1f,cerulean-cave-1f,red,walk,49,49,10,,grassland,brown,legs,medium,4,0.5,0.5,false,false
golbat,42,poison|flying,Cerulean Cave 1f,cerulean-cave-1f,red,walk,46,46,20,,cave,purple,wings,medium,4,0.5,0.5,false,false
hypno,97,psychic,Cerulean Cave 1f,cerulean-cave-1f,red,walk,46,46,20,,grassland,yellow,humanoid,medium,4,0.5,0.5,false,false
kadabra,64,psychic,Cerulean Cave 1f,cerulean-cave-1f,red,walk,49,49,5,,urban,brown,upright,medium-slow,2,0.25,0.75,false,false
magneton,82,electric|steel,Cerulean Cave 1f,cerulean-cave-1f,red,walk,46,46,15,,rough-terrain,gray,heads,medium,-1,,,false,false
parasect,47,bug|grass,Cerulean Cave 1f,cerulean-cave-1f,red,walk,52,52,5,,forest,red,armor,medium,4,0.5,0.5,false,false
raichu,26,electric,Cerulean Cave 1f,cerulean-cave-1f,red,walk,53,53,4,,forest,yellow,upright,medium,4,0.5,0.5,false,false
venomoth,49,bug|poison,Cerulean Cave 1f,cerulean-cave-1f,red,walk,49,49,10,,forest,purple,bug-wings,medium,4,0.5,0.5,false,false
chansey,113,normal,Cerulean Cave 2f,cerulean-cave-2f,red,walk,56,56,5,,urban,pink,upright,fast,8,1,0,false,false
ditto,132,normal,Cerulean Cave 2f,cerulean-cave-2f,red,walk,55,55,4,,urban,purple,ball,medium,-1,,,false,false
ditto,132,normal,Cerulean Cave 2f,cerulean-cave-2f,red,walk,60,60,1,,urban,purple,ball,medium,-1,,,false,false
dodrio,85,normal|flying,Cerulean Cave 2f,cerulean-cave-2f,red,walk,51,51,20,,grassland,brown,legs,medium,4,0.5,0.5,false,false
electrode,101,electric,Cerulean Cave 2f,cerulean-cave-2f,red,walk,52,52,10,,urban,red,ball,medium,-1,,,false,false
kadabra,64,psychic,Cerulean Cave 2f,cerulean-cave-2f,red,walk,51,51,15,,urban,brown,upright,medium-slow,2,0.25,0.75,false,false
marowak,105,ground,Cerulean Cave 2f,cerulean-cave-2f,red,walk,52,52,10,,mountain,brown,upright,medium,4,0.5,0.5,false,false
rhydon,112,ground|rock,Cerulean Cave 2f,cerulean-cave-2f,red,walk,52,52,10,,rough-terrain,gray,upright,slow,4,0.5,0.5,false,false
venomoth,49,bug|poison,Cerulean Cave 2f,cerulean-cave-2f,red,walk,51,51,20,,forest,purple,bug-wings,medium,4,0.5,0.5,false,false
wigglytuff,40,normal|fairy,Cerulean Cave 2f,cerulean-cave-2f,red,walk,54,54,5,,grassland,pink,humanoid,fast,6,0.75,0.25,false,false
arbok,24,poison,Cerulean Cave B1f,cerulean-cave-b1f,red,walk,57,57,5,,grassland,purple,squiggle,medium,4,0.5,0.5,false,false
chansey,113,normal,Cerulean Cave B1f,cerulean-cave-b1f,red,walk,64,64,10,,urban,pink,upright,fast,8,1,0,false,false
ditto,132,normal,Cerulean Cave B1f,cerulean-cave-b1f,red,walk,63,63,4,,urban,purple,ball,medium,-1,,,false,false
ditto,132,normal,Cerulean Cave B1f,cerulean-cave-b1f,red,walk,65,65,5,,urban,purple,ball,medium,-1,,,false,false
ditto,132,normal,Cerulean Cave B1f,cerulean-cave-b1f,red,walk,67,67,1,,urban,purple,ball,medium,-1,,,false,false
electrode,101,electric,Cerulean Cave B1f,cerulean-cave-b1f,red,walk,55,55,15,,urban,red,ball,medium,-1,,,false,false
marowak,105,ground,Cerulean Cave B1f,cerulean-cave-b1f,red,walk,55,55,20,,mountain,brown,upright,medium,4,0.5,0.5,false,false
parasect,47,bug|grass,Cerulean Cave B1f,cerulean-cave-b1f,red,walk,64,64,10,,forest,red,armor,medium,4,0.5,0.5,false,false
raichu,26,electric,Cerulean Cave B1f,cerulean-cave-b1f,red,walk,64,64,10,,forest,yellow,upright,medium,4,0.5,0.5,false,false
rhydon,112,ground|rock,Cerulean Cave B1f,cerulean-cave-b1f,red,walk,55,55,20,,rough-terrain,gray,upright,slow,4,0.5,0.5,false,false
diglett,50,ground,Digletts Cave,digletts-cave-area,red,walk,15,15,10,,cave,brown,blob,medium,4,0.5,0.5,false,false
diglett,50,ground,Digletts Cave,digletts-cave-area,red,walk,16,16,10,,cave,brown,blob,medium,4,0.5,0.5,false,false
diglett,50,ground,Digletts Cave,digletts-cave-area,red,walk,17,17,15,,cave,brown,blob,medium,4,0.5,0.5,false,false
diglett,50,ground,Digletts Cave,digletts-cave-area,red,walk,18,18,20,,cave,brown,blob,medium,4,0.5,0.5,false,false
diglett,50,ground,Digletts Cave,digletts-cave-area,red,walk,19,19,20,,cave,brown,blob,medium,4,0.5,0.5,false,false
diglett,50,ground,Digletts Cave,digletts-cave-area,red,walk,20,20,10,,cave,brown,blob,medium,4,0.5,0.5,false,false
diglett,50,ground,Digletts Cave,digletts-cave-area,red,walk,21,21,5,,cave,brown,blob,medium,4,0.5,0.5,false,false
diglett,50,ground,Digletts Cave,digletts-cave-area,red,walk,22,22,5,,cave,brown,blob,medium,4,0.5,0.5,false,false
dugtrio,51,ground,Digletts Cave,digletts-cave-area,red,walk,29,29,4,,cave,brown,heads,medium,4,0.5,0.5,false,false
dugtrio,51,ground,Digletts Cave,digletts-cave-area,red,walk,31,31,1,,cave,brown,heads,medium,4,0.5,0.5,false,false
pidgey,16,normal|flying,Kanto Route 1,kanto-route-1-area,red,walk,2,2,10,,forest,brown,wings,medium-slow,4,0.5,0.5,false,false
pidgey,16,normal|flying,Kanto Route 1,kanto-route-1-area,red,walk,3,3,20,,forest,brown,wings,medium-slow,4,0.5,0.5,false,false
pidgey,16,normal|flying,Kanto Route 1,kanto-route-1-area,red,walk,3,3,10,,forest,brown,wings,medium-slow,4,0.5,0.5,false,false
pidgey,16,normal|flying,Kanto Route 1,kanto-route-1-area,red,walk,3,3,5,,forest,brown,wings,medium-slow,4,0.5,0.5,false,false
pidgey,16,normal|flying,Kanto Route 1,kanto-route-1-area,red,walk,4,4,4,,forest,brown,wings,medium-slow,4,0.5,0.5,false,false
pidgey,16,normal|flying,Kanto Route 1,kanto-route-1-area,red,walk,5,5,1,,forest,brown,wings,medium-slow,4,0.5,0.5,false,false
rattata,19,normal,Kanto Route 1,kanto-route-1-area,red,walk,2,2,10,,grassland,purple,quadruped,medium,4,0.5,0.5,false,false
rattata,19,normal,Kanto Route 1,kanto-route-1-area,red,walk,3,3,20,,grassland,purple,quadruped,medium,4,0.5,0.5,false,false
rattata,19,normal,Kanto Route 1,kanto-route-1-area,red,walk,3,3,15,,grassland,purple,quadruped,medium,4,0.5,0.5,false,false
rattata,19,normal,Kanto Route 1,kanto-route-1-area,red,walk,4,4,5,,grassland,purple,quadruped,medium,4,0.5,0.5,false,false
ekans,23,poison,Kanto Route 10,kanto-route-10-area,red,walk,11,11,10,,grassland,purple,squiggle,medium,4,0.5,0.5,false,false
ekans,23,poison,Kanto Route 10,kanto-route-10-area,red,walk,13,13,4,,grassland,purple,squiggle,medium,4,0.5,0.5,false,false
ekans,23,poison,Kanto Route 10,kanto-route-10-area,red,walk,15,15,10,,grassland,purple,squiggle,medium,4,0.5,0.5,false,false
ekans,23,poison,Kanto Route 10,kanto-route-10-area,red,walk,17,17,1,,grassland,purple,squiggle,medium,4,0.5,0.5,false,false
spearow,21,normal|flying,Kanto Route 10,kanto-route-10-area,red,walk,13,13,10,,rough-terrain,brown,wings,medium,4,0.5,0.5,false,false
spearow,21,normal|flying,Kanto Route 10,kanto-route-10-area,red,walk,16,16,20,,rough-terrain,brown,wings,medium,4,0.5,0.5,false,false
spearow,21,normal|flying,Kanto Route 10,kanto-route-10-area,red,walk,17,17,5,,rough-terrain,brown,wings,medium,4,0.5,0.5,false,false
voltorb,100,electric,Kanto Route 10,kanto-route-10-area,red,walk,14,14,15,,urban,red,ball,medium,-1,,,false,false
voltorb,100,electric,Kanto Route 10,kanto-route-10-area,red,walk,16,16,20,,urban,red,ball,medium,-1,,,false,false
voltorb,100,electric,Kanto Route 10,kanto-route-10-area,red,walk,17,17,5,,urban,red,ball,medium,-1,,,false,false
drowzee,96,psychic,Kanto Route 11,kanto-route-11-area,red,walk,11,11,4,,grassland,yellow,humanoid,medium,4,0.5,0.5,false,false
drowzee,96,psychic,Kanto Route 11,kanto-route-11-area,red,walk,13,13,10,,grassland,yellow,humanoid,medium,4,0.5,0.5,false,false
drowzee,96,psychic,Kanto Route 11,kanto-route-11-area,red,walk,15,15,1,,grassland,yellow,humanoid,medium,4,0.5,0.5,false,false
drowzee,96,psychic,Kanto Route 11,kanto-route-11-area,red,walk,9,9,10,,grassland,yellow,humanoid,medium,4,0.5,0.5,false,false
ekans,23,poison,Kanto Route 11,kanto-route-11-area,red,walk,12,12,15,,grassland,purple,squiggle,medium,4,0.5,0.5,false,false
ekans,23,poison,Kanto Route 11,kanto-route-11-area,red,walk,14,14,20,,grassland,purple,squiggle,medium,4,0.5,0.5,false,false
ekans,23,poison,Kanto Route 11,kanto-route-11-area,red,walk,15,15,5,,grassland,purple,squiggle,medium,4,0.5,0.5,false,false
spearow,21,normal|flying,Kanto Route 11,kanto-route-11-area,red,walk,13,13,10,,rough-terrain,brown,wings,medium,4,0.5,0.5,false,false
spearow,21,normal|flying,Kanto Route 11,kanto-route-11-area,red,walk,15,15,20,,rough-terrain,brown,wings,medium,4,0.5,0.5,false,false
spearow,21,normal|flying,Kanto Route 11,kanto-route-11-area,red,walk,17,17,5,,rough-terrain,brown,wings,medium,4,0.5,0.5,false,false
gloom,44,grass|poison,Kanto Route 12,kanto-route-12-area,red,walk,28,28,4,,grassland,blue,humanoid,medium-slow,4,0.5,0.5,false,false
gloom,44,grass|poison,Kanto Route 12,kanto-route-12-area,red,walk,30,30,1,,grassland,blue,humanoid,medium-slow,4,0.5,0.5,false,false
oddish,43,grass|poison,Kanto Route 12,kanto-route-12-area,red,walk,22,22,10,,grassland,blue,legs,medium-slow,4,0.5,0.5,false,false
oddish,43,grass|poison,Kanto Route 12,kanto-route-12-area,red,walk,24,24,20,,grassland,blue,legs,medium-slow,4,0.5,0.5,false,false
oddish,43,grass|poison,Kanto Route 12,kanto-route-12-area,red,walk,26,26,5,,grassland,blue,legs,medium-slow,4,0.5,0.5,false,false
pidgey,16,normal|flying,Kanto Route 12,kanto-route-12-area,red,walk,23,23,15,,forest,brown,wings,medium-slow,4,0.5,0.5,false,false
pidgey,16,normal|flying,Kanto Route 12,kanto-route-12-area,red,walk,25,25,20,,forest,brown,wings,medium-slow,4,0.5,0.5,false,false
pidgey,16,normal|flying,Kanto Route 12,kanto-route-12-area,red,walk,27,27,5,,forest,brown,wings,medium-slow,4,0.5,0.5,false,false
venonat,48,bug|poison,Kanto Route 12,kanto-route-12-area,red,walk,24,24,10,,forest,purple,humanoid,medium,4,0.5,0.5,false,false
venonat,48,bug|poison,Kanto Route 12,kanto-route-12-area,red,walk,26,26,10,,forest,purple,humanoid,medium,4,0.5,0.5,false,false
ditto,132,normal,Kanto Route 13,kanto-route-13-area,red,walk,25,25,5,,urban,purple,ball,medium,-1,,,false,false
gloom,44,grass|poison,Kanto Route 13,kanto-route-13-area,red,walk,28,28,4,,grassland,blue,humanoid,medium-slow,4,0.5,0.5,false,false
gloom,44,grass|poison,Kanto Route 13,kanto-route-13-area,red,walk,30,30,1,,grassland,blue,humanoid,medium-slow,4,0.5,0.5,false,false
oddish,43,grass|poison,Kanto Route 13,kanto-route-13-area,red,walk,22,22,10,,grassland,blue,legs,medium-slow,4,0.5,0.5,false,false
oddish,43,grass|poison,Kanto Route 13,kanto-route-13-area,red,walk,24,24,20,,grassland,blue,legs,medium-slow,4,0.5,0.5,false,false
oddish,43,grass|poison,Kanto Route 13,kanto-route-13-area,red,walk,26,26,5,,grassland,blue,legs,medium-slow,4,0.5,0.5,false,false
pidgey,16,normal|flying,Kanto Route 13,kanto-route-13-area,red,walk,25,25,20,,forest,brown,wings,medium-slow,4,0.5,0.5,false,false
pidgey,16,normal|flying,Kanto Route 13,kanto-route-13-area,red,walk,27,27,15,,forest,brown,wings,medium-slow,4,0.5,0.5,false,false
venonat,48,bug|poison,Kanto Route 13,kanto-route-13-area,red,walk,24,24,10,,forest,purple,humanoid,medium,4,0.5,0.5,false,false
venonat,48,bug|poison,Kanto Route 13,kanto-route-13-area,red,walk,26,26,10,,forest,purple,humanoid,medium,4,0.5,0.5,false,false
ditto,132,normal,Kanto Route 14,kanto-route-14-area,red,walk,23,23,15,,urban,purple,ball,medium,-1,,,false,false
gloom,44,grass|poison,Kanto Route 14,kanto-route-14-area,red,walk,30,30,5,,grassland,blue,humanoid,medium-slow,4,0.5,0.5,false,false
oddish,43,grass|poison,Kanto Route 14,kanto-route-14-area,red,walk,22,22,10,,grassland,blue,legs,medium-slow,4,0.5,0.5,false,false
oddish,43,grass|poison,Kanto Route 14,kanto-route-14-area,red,walk,24,24,20,,grassland,blue,legs,medium-slow,4,0.5,0.5,false,false
oddish,43,grass|poison,Kanto Route 14,kanto-route-14-area,red,walk,26,26,5,,grassland,blue,legs,medium-slow,4,0.5,0.5,false,false
pidgeotto,17,normal|flying,Kanto Route 14,kanto-route-14-area,red,walk,28,28,4,,forest,brown,wings,medium-slow,4,0.5,0.5,false,false
pidgeotto,17,normal|flying,Kanto Route 14,kanto-route-14-area,red,walk,30,30,1,,forest,brown,wings,medium-slow,4,0.5,0.5,false,false
pidgey,16,normal|flying,Kanto Route 14,kanto-route-14-area,red,walk,26,26,20,,forest,brown,wings,medium-slow,4,0.5,0.5,false,false
venonat,48,bug|poison,Kanto Route 14,kanto-route-14-area,red,walk,24,24,10,,forest,purple,humanoid,medium,4,0.5,0.5,false,false
venonat,48,bug|poison,Kanto Route 14,kanto-route-14-area,red,walk,26,26,10,,forest,purple,humanoid,medium,4,0.5,0.5,false,false
ditto,132,normal,Kanto Route 15,kanto-route-15-area,red,walk,26,26,20,,urban,purple,ball,medium,-1,,,false,false
gloom,44,grass|poison,Kanto Route 15,kanto-route-15-area,red,walk,30,30,5,,grassland,blue,humanoid,medium-slow,4,0.5,0.5,false,false
oddish,43,grass|poison,Kanto Route 15,kanto-route-15-area,red,walk,22,22,10,,grassland,blue,legs,medium-slow,4,0.5,0.5,false,false
oddish,43,grass|poison,Kanto Route 15,kanto-route-15-area,red,walk,24,24,20,,grassland,blue,legs,medium-slow,4,0.5,0.5,false,false
oddish,43,grass|poison,Kanto Route 15,kanto-route-15-area,red,walk,26,26,5,,grassland,blue,legs,medium-slow,4,0.5,0.5,false,false
pidgeotto,17,normal|flying,Kanto Route 15,kanto-route-15-area,red,walk,28,28,4,,forest,brown,wings,medium-slow,4,0.5,0.5,false,false
pidgeotto,17,normal|flying,Kanto Route 15,kanto-route-15-area,red,walk,30,30,1,,forest,brown,wings,medium-slow,4,0.5,0.5,false,false
pidgey,16,normal|flying,Kanto Route 15,kanto-route-15-area,red,walk,23,23,15,,forest,brown,wings,medium-slow,4,0.5,0.5,false,false
venonat,48,bug|poison,Kanto Route 15,kanto-route-15-area,red,walk,26,26,10,,forest,purple,humanoid,medium,4,0.5,0.5,false,false
venonat,48,bug|poison,Kanto Route 15,kanto-route-15-area,red,walk,28,28,10,,forest,purple,humanoid,medium,4,0.5,0.5,false,false
doduo,84,normal|flying,Kanto Route 16,kanto-route-16-area,red,walk,18,18,10,,grassland,brown,legs,medium,4,0.5,0.5,false,false
doduo,84,normal|flying,Kanto Route 16,kanto-route-16-area,red,walk,20,20,10,,grassland,brown,legs,medium,4,0.5,0.5,false,false
doduo,84,normal|flying,Kanto Route 16,kanto-route-16-area,red,walk,22,22,5,,grassland,brown,legs,medium,4,0.5,0.5,false,false
raticate,20,normal,Kanto Route 16,kanto-route-16-area,red,walk,23,23,4,,grassland,brown,quadruped,medium,4,0.5,0.5,false,false
raticate,20,normal,Kanto Route 16,kanto-route-16-area,red,walk,25,25,1,,grassland,brown,quadruped,medium,4,0.5,0.5,false,false
rattata,19,normal,Kanto Route 16,kanto-route-16-area,red,walk,18,18,15,,grassland,purple,quadruped,medium,4,0.5,0.5,false,false
rattata,19,normal,Kanto Route 16,kanto-route-16-area,red,walk,20,20,10,,grassland,purple,quadruped,medium,4,0.5,0.5,false,false
rattata,19,normal,Kanto Route 16,kanto-route-16-area,red,walk,22,22,5,,grassland,purple,quadruped,medium,4,0.5,0.5,false,false
spearow,21,normal|flying,Kanto Route 16,kanto-route-16-area,red,walk,20,20,20,,rough-terrain,brown,wings,medium,4,0.5,0.5,false,false
spearow,21,normal|flying,Kanto Route 16,kanto-route-16-area,red,walk,22,22,20,,rough-terrain,brown,wings,medium,4,0.5,0.5,false,false
doduo,84,normal|flying,Kanto Route 17,kanto-route-17-area,red,walk,24,24,10,,grassland,brown,legs,medium,4,0.5,0.5,false,false
doduo,84,normal|flying,Kanto Route 17,kanto-route-17-area,red,walk,26,26,10,,grassland,brown,legs,medium,4,0.5,0.5,false,false
doduo,84,normal|flying,Kanto Route 17,kanto-route-17-area,red,walk,28,28,5,,grassland,brown,legs,medium,4,0.5,0.5,false,false
fearow,22,normal|flying,Kanto Route 17,kanto-route-17-area,red,walk,25,25,4,,rough-terrain,brown,wings,medium,4,0.5,0.5,false,false
fearow,22,normal|flying,Kanto Route 17,kanto-route-17-area,red,walk,27,27,1,,rough-terrain,brown,wings,medium,4,0.5,0.5,false,false
raticate,20,normal,Kanto Route 17,kanto-route-17-area,red,walk,25,25,15,,grassland,brown,quadruped,medium,4,0.5,0.5,false,false
raticate,20,normal,Kanto Route 17,kanto-route-17-area,red,walk,27,27,10,,grassland,brown,quadruped,medium,4,0.5,0.5,false,false
raticate,20,normal,Kanto Route 17,kanto-route-17-area,red,walk,29,29,5,,grassland,brown,quadruped,medium,4,0.5,0.5,false,false
spearow,21,normal|flying,Kanto Route 17,kanto-route-17-area,red,walk,20,20,20,,rough-terrain,brown,wings,medium,4,0.5,0.5,false,false
spearow,21,normal|flying,Kanto Route 17,kanto-route-17-area,red,walk,22,22,20,,rough-terrain,brown,wings,medium,4,0.5,0.5,false,false
doduo,84,normal|flying,Kanto Route 18,kanto-route-18-area,red,walk,24,24,10,,grassland,brown,legs,medium,4,0.5,0.5,false,false
doduo,84,normal|flying,Kanto Route 18,kanto-route-18-area,red,walk,26,26,10,,grassland,brown,legs,medium,4,0.5,0.5,false,false
doduo,84,normal|flying,Kanto Route 18,kanto-route-18-area,red,walk,28,28,5,,grassland,brown,legs,medium,4,0.5,0.5,false,false
fearow,22,normal|flying,Kanto Route 18,kanto-route-18-area,red,walk,25,25,10,,rough-terrain,brown,wings,medium,4,0.5,0.5,false,false
fearow,22,normal|flying,Kanto Route 18,kanto-route-18-area,red,walk,27,27,4,,rough-terrain,brown,wings,medium,4,0.5,0.5,false,false
fearow,22,normal|flying,Kanto Route 18,kanto-route-18-area,red,walk,29,29,1,,rough-terrain,brown,wings,medium,4,0.5,0.5,false,false
raticate,20,normal,Kanto Route 18,kanto-route-18-area,red,walk,25,25,15,,grassland,brown,quadruped,medium,4,0.5,0.5,false,false
raticate,20,normal,Kanto Route 18,kanto-route-18-area,red,walk,29,29,5,,grassland,brown,quadruped,medium,4,0.5,0.5,false,false
spearow,21,normal|flying,Kanto Route 18,kanto-route-18-area,red,walk,20,20,20,,rough-terrain,brown,wings,medium,4,0.5,0.5,false,false
spearow,21,normal|flying,Kanto Route 18,kanto-route-18-area,red,walk,22,22,20,,rough-terrain,brown,wings,medium,4,0.5,0.5,false,false
pidgey,16,normal|flying,Kanto Route 2 South Towards Viridian City,kanto-route-2-south-towards-viridian-city,red,walk,3,3,20,,forest,brown,wings,medium-slow,4,0.5,0.5,false,false
pidgey,16,normal|flying,Kanto Route 2 South Towards Viridian City,kanto-route-2-south-towards-viridian-city,red,walk,4,4,15,,forest,brown,wings,medium-slow,4,0.5,0.5,false,false
pidgey,16,normal|flying,Kanto Route 2 South Towards Viridian City,kanto-route-2-south-towards-viridian-city,red,walk,5,5,10,,forest,brown,wings,medium-slow,4,0.5,0.5,false,false
rattata,19,normal,Kanto Route 2 South Towards Viridian City,kanto-route-2-south-towards-viridian-city,red,walk,2,2,5,,grassland,purple,quadruped,medium,4,0.5,0.5,false,false
rattata,19,normal,Kanto Route 2 South Towards Viridian City,kanto-route-2-south-towards-viridian-city,red,walk,3,3,20,,grassland,purple,quadruped,medium,4,0.5,0.5,false,false
rattata,19,normal,Kanto Route 2 South Towards Viridian City,kanto-route-2-south-towards-viridian-city,red,walk,4,4,10,,grassland,purple,quadruped,medium,4,0.5,0.5,false,false
rattata,19,normal,Kanto Route 2 South Towards Viridian City,kanto-route-2-south-towards-viridian-city,red,walk,5,5,5,,grassland,purple,quadruped,medium,4,0.5,0.5,false,false
weedle,13,bug|poison,Kanto Route 2 South Towards Viridian City,kanto-route-2-south-towards-viridian-city,red,walk,3,3,10,,forest,brown,armor,medium,4,0.5,0.5,false,false
weedle,13,bug|poison,Kanto Route 2 South Towards Viridian City,kanto-route-2-south-towards-viridian-city,red,walk,4,4,4,,forest,brown,armor,medium,4,0.5,0.5,false,false
weedle,13,bug|poison,Kanto Route 2 South Towards Viridian City,kanto-route-2-south-towards-viridian-city,red,walk,5,5,1,,forest,brown,armor,medium,4,0.5,0.5,false,false
nidoran-f,29,poison,Kanto Route 22,kanto-route-22-area,red,walk,3,3,4,,grassland,blue,quadruped,medium-slow,8,1,0,false,false
nidoran-f,29,poison,Kanto Route 22,kanto-route-22-area,red,walk,4,4,1,,grassland,blue,quadruped,medium-slow,8,1,0,false,false
nidoran-m,32,poison,Kanto Route 22,kanto-route-22-area,red,walk,2,2,10,,grassland,purple,quadruped,medium-slow,0,0,1,false,false
nidoran-m,32,poison,Kanto Route 22,kanto-route-22-area,red,walk,3,3,20,,grassland,purple,quadruped,medium-slow,0,0,1,false,false
nidoran-m,32,poison,Kanto Route 22,kanto-route-22-area,red,walk,4,4,10,,grassland,purple,quadruped,medium-slow,0,0,1,false,false
rattata,19,normal,Kanto Route 22,kanto-route-22-area,red,walk,2,2,10,,grassland,purple,quadruped,medium,4,0.5,0.5,false,false
rattata,19,normal,Kanto Route 22,kanto-route-22-area,red,walk,3,3,20,,grassland,purple,quadruped,medium,4,0.5,0.5,false,false
rattata,19,normal,Kanto Route 22,kanto-route-22-area,red,walk,4,4,15,,grassland,purple,quadruped,medium,4,0.5,0.5,false,false
spearow,21,normal|flying,Kanto Route 22,kanto-route-22-area,red,walk,3,3,5,,rough-terrain,brown,wings,medium,4,0.5,0.5,false,false
spearow,21,normal|flying,Kanto Route 22,kanto-route-22-area,red,walk,5,5,5,,rough-terrain,brown,wings,medium,4,0.5,0.5,false,false
arbok,24,poison,Kanto Route 23,kanto-route-23-area,red,walk,41,41,5,,grassland,purple,squiggle,medium,4,0.5,0.5,false,false
ditto,132,normal,Kanto Route 23,kanto-route-23-area,red,walk,33,33,20,,urban,purple,ball,medium,-1,,,false,false
ditto,132,normal,Kanto Route 23,kanto-route-23-area,red,walk,38,38,10,,urban,purple,ball,medium,-1,,,false,false
ditto,132,normal,Kanto Route 23,kanto-route-23-area,red,walk,43,43,5,,urban,purple,ball,medium,-1,,,false,false
ekans,23,poison,Kanto Route 23,kanto-route-23-area,red,walk,26,26,20,,grassland,purple,squiggle,medium,4,0.5,0.5,false,false
fearow,22,normal|flying,Kanto Route 23,kanto-route-23-area,red,walk,38,38,10,,rough-terrain,brown,wings,medium,4,0.5,0.5,false,false
fearow,22,normal|flying,Kanto Route 23,kanto-route-23-area,red,walk,41,41,4,,rough-terrain,brown,wings,medium,4,0.5,0.5,false,false
fearow,22,normal|flying,Kanto Route 23,kanto-route-23-area,red,walk,43,43,1,,rough-terrain,brown,wings,medium,4,0.5,0.5,false,false
spearow,21,normal|flying,Kanto Route 23,kanto-route-23-area,red,walk,26,26,15,,rough-terrain,brown,wings,medium,4,0.5,0.5,false,false
abra,63,psychic,Kanto Route 24,kanto-route-24-area,red,walk,10,10,10,,urban,brown,upright,medium-slow,2,0.25,0.75,false,false
abra,63,psychic,Kanto Route 24,kanto-route-24-area,red,walk,12,12,1,,urban,brown,upright,medium-slow,2,0.25,0.75,false,false
abra,63,psychic,Kanto Route 24,kanto-route-24-area,red,walk,8,8,4,,urban,brown,upright,medium-slow,2,0.25,0.75,false,false
kakuna,14,bug|poison,Kanto Route 24,kanto-route-24-area,red,walk,8,8,20,,forest,yellow,squiggle,medium,4,0.5,0.5,false,false
oddish,43,grass|poison,Kanto Route 24,kanto-route-24-area,red,walk,12,12,10,,grassland,blue,legs,medium-slow,4,0.5,0.5,false,false
oddish,43,grass|poison,Kanto Route 24,kanto-route-24-area,red,walk,13,13,10,,grassland,blue,legs,medium-slow,4,0.5,0.5,false,false
oddish,43,grass|poison,Kanto Route 24,kanto-route-24-area,red,walk,14,14,5,,grassland,blue,legs,medium-slow,4,0.5,0.5,false,false
pidgey,16,normal|flying,Kanto Route 24,kanto-route-24-area,red,walk,12,12,15,,forest,brown,wings,medium-slow,4,0.5,0.5,false,false
pidgey,16,normal|flying,Kanto Route 24,kanto-route-24-area,red,walk,13,13,5,,forest,brown,wings,medium-slow,4,0.5,0.5,false,false
weedle,13,bug|poison,Kanto Route 24,kanto-route-24-area,red,walk,7,7,20,,forest,brown,armor,medium,4,0.5,0.5,false,false
abra,63,psychic,Kanto Route 25,kanto-route-25-area,red,walk,10,10,5,,urban,brown,upright,medium-slow,2,0.25,0.75,false,false
abra,63,psychic,Kanto Route 25,kanto-route-25-area,red,walk,12,12,10,,urban,brown,upright,medium-slow,2,0.25,0.75,false,false
caterpie,10,bug,Kanto Route 25,kanto-route-25-area,red,walk,8,8,1,,forest,green,armor,medium,4,0.5,0.5,false,false
kakuna,14,bug|poison,Kanto Route 25,kanto-route-25-area,red,walk,9,9,20,,forest,yellow,squiggle,medium,4,0.5,0.5,false,false
metapod,11,bug,Kanto Route 25,kanto-route-25-area,red,walk,7,7,4,,forest,green,squiggle,medium,4,0.5,0.5,false,false
oddish,43,grass|poison,Kanto Route 25,kanto-route-25-area,red,walk,12,12,10,,grassland,blue,legs,medium-slow,4,0.5,0.5,false,false
oddish,43,grass|poison,Kanto Route 25,kanto-route-25-area,red,walk,13,13,10,,grassland,blue,legs,medium-slow,4,0.5,0.5,false,false
oddish,43,grass|poison,Kanto Route 25,kanto-route-25-area,red,walk,14,14,5,,grassland,blue,legs,medium-slow,4,0.5,0.5,false,false
pidgey,16,normal|flying,Kanto Route 25,kanto-route-25-area,red,walk,13,13,15,,forest,brown,wings,medium-slow,4,0.5,0.5,false,false
weedle,13,bug|poison,Kanto Route 25,kanto-route-25-area,red,walk,8,8,20,,forest,brown,armor,medium,4,0.5,0.5,false,false
jigglypuff,39,normal|fairy,Kanto Route 3,kanto-route-3-area,red,walk,3,3,5,,grassland,pink,humanoid,fast,6,0.75,0.25,false,false
jigglypuff,39,normal|fairy,Kanto Route 3,kanto-route-3-area,red,walk,5,5,4,,grassland,pink,humanoid,fast,6,0.75,0.25,false,false
jigglypuff,39,normal|fairy,Kanto Route 3,kanto-route-3-area,red,walk,7,7,1,,grassland,pink,humanoid,fast,6,0.75,0.25,false,false
pidgey,16,normal|flying,Kanto Route 3,kanto-route-3-area,red,walk,6,6,20,,forest,brown,wings,medium-slow,4,0.5,0.5,false,false
pidgey,16,normal|flying,Kanto Route 3,kanto-route-3-area,red,walk,7,7,15,,forest,brown,wings,medium-slow,4,0.5,0.5,false,false
pidgey,16,normal|flying,Kanto Route 3,kanto-route-3-area,red,walk,8,8,10,,forest,brown,wings,medium-slow,4,0.5,0.5,false,false
spearow,21,normal|flying,Kanto Route 3,kanto-route-3-area,red,walk,5,5,20,,rough-terrain,brown,wings,medium,4,0.5,0.5,false,false
spearow,21,normal|flying,Kanto Route 3,kanto-route-3-area,red,walk,6,6,10,,rough-terrain,brown,wings,medium,4,0.5,0.5,false,false
spearow,21,normal|flying,Kanto Route 3,kanto-route-3-area,red,walk,7,7,10,,rough-terrain,brown,wings,medium,4,0.5,0.5,false,false
spearow,21,normal|flying,Kanto Route 3,kanto-route-3-area,red,walk,8,8,5,,rough-terrain,brown,wings,medium,4,0.5,0.5,false,false
ekans,23,poison,Kanto Route 4,kanto-route-4-area,red,walk,10,10,10,,grassland,purple,squiggle,medium,4,0.5,0.5,false,false
ekans,23,poison,Kanto Route 4,kanto-route-4-area,red,walk,12,12,1,,grassland,purple,squiggle,medium,4,0.5,0.5,false,false
ekans,23,poison,Kanto Route 4,kanto-route-4-area,red,walk,6,6,10,,grassland,purple,squiggle,medium,4,0.5,0.5,false,false
ekans,23,poison,Kanto Route 4,kanto-route-4-area,red,walk,8,8,4,,grassland,purple,squiggle,medium,4,0.5,0.5,false,false
rattata,19,normal,Kanto Route 4,kanto-route-4-area,red,walk,10,10,20,,grassland,purple,quadruped,medium,4,0.5,0.5,false,false
rattata,19,normal,Kanto Route 4,kanto-route-4-area,red,walk,12,12,5,,grassland,purple,quadruped,medium,4,0.5,0.5,false,false
rattata,19,normal,Kanto Route 4,kanto-route-4-area,red,walk,8,8,15,,grassland,purple,quadruped,medium,4,0.5,0.5,false,false
spearow,21,normal|flying,Kanto Route 4,kanto-route-4-area,red,walk,10,10,20,,rough-terrain,brown,wings,medium,4,0.5,0.5,false,false
spearow,21,normal|flying,Kanto Route 4,kanto-route-4-area,red,walk,12,12,5,,rough-terrain,brown,wings,medium,4,0.5,0.5,false,false
spearow,21,normal|flying,Kanto Route 4,kanto-route-4-area,red,walk,8,8,10,,rough-terrain,brown,wings,medium,4,0.5,0.5,false,false
mankey,56,fighting,Kanto Route 5,kanto-route-5-area,red,walk,10,10,10,,mountain,brown,upright,medium,4,0.5,0.5,false,false
mankey,56,fighting,Kanto Route 5,kanto-route-5-area,red,walk,12,12,10,,mountain,brown,upright,medium,4,0.5,0.5,false,false
mankey,56,fighting,Kanto Route 5,kanto-route-5-area,red,walk,14,14,4,,mountain,brown,upright,medium,4,0.5,0.5,false,false
mankey,56,fighting,Kanto Route 5,kanto-route-5-area,red,walk,16,16,1,,mountain,brown,upright,medium,4,0.5,0.5,false,false
oddish,43,grass|poison,Kanto Route 5,kanto-route-5-area,red,walk,13,13,20,,grassland,blue,legs,medium-slow,4,0.5,0.5,false,false
oddish,43,grass|poison,Kanto Route 5,kanto-route-5-area,red,walk,15,15,10,,grassland,blue,legs,medium-slow,4,0.5,0.5,false,false
oddish,43,grass|poison,Kanto Route 5,kanto-route-5-area,red,walk,16,16,5,,grassland,blue,legs,medium-slow,4,0.5,0.5,false,false
pidgey,16,normal|flying,Kanto Route 5,kanto-route-5-area,red,walk,13,13,20,,forest,brown,wings,medium-slow,4,0.5,0.5,false,false
pidgey,16,normal|flying,Kanto Route 5,kanto-route-5-area,red,walk,15,15,15,,forest,brown,wings,medium-slow,4,0.5,0.5,false,false
pidgey,16,normal|flying,Kanto Route 5,kanto-route-5-area,red,walk,16,16,5,,forest,brown,wings,medium-slow,4,0.5,0.5,false,false
mankey,56,fighting,Kanto Route 6,kanto-route-6-area,red,walk,10,10,10,,mountain,brown,upright,medium,4,0.5,0.5,false,false
mankey,56,fighting,Kanto Route 6,kanto-route-6-area,red,walk,12,12,10,,mountain,brown,upright,medium,4,0.5,0.5,false,false
mankey,56,fighting,Kanto Route 6,kanto-route-6-area,red,walk,14,14,4,,mountain,brown,upright,medium,4,0.5,0.5,false,false
mankey,56,fighting,Kanto Route 6,kanto-route-6-area,red,walk,16,16,1,,mountain,brown,upright,medium,4,0.5,0.5,false,false
oddish,43,grass|poison,Kanto Route 6,kanto-route-6-area,red,walk,13,13,20,,grassland,blue,legs,medium-slow,4,0.5,0.5,false,false
oddish,43,grass|poison,Kanto Route 6,kanto-route-6-area,red,walk,15,15,10,,grassland,blue,legs,medium-slow,4,0.5,0.5,false,false
oddish,43,grass|poison,Kanto Route 6,kanto-route-6-area,red,walk,16,16,5,,grassland,blue,legs,medium-slow,4,0.5,0.5,false,false
pidgey,16,normal|flying,Kanto Route 6,kanto-route-6-area,red,walk,13,13,20,,forest,brown,wings,medium-slow,4,0.5,0.5,false,false
pidgey,16,normal|flying,Kanto Route 6,kanto-route-6-area,red,walk,15,15,15,,forest,brown,wings,medium-slow,4,0.5,0.5,false,false
pidgey,16,normal|flying,Kanto Route 6,kanto-route-6-area,red,walk,16,16,5,,forest,brown,wings,medium-slow,4,0.5,0.5,false,false
growlithe,58,fire,Kanto Route 7,kanto-route-7-area,red,walk,18,18,5,,grassland,brown,quadruped,slow,2,0.25,0.75,false,false
growlithe,58,fire,Kanto Route 7,kanto-route-7-area,red,walk,20,20,5,,grassland,brown,quadruped,slow,2,0.25,0.75,false,false
mankey,56,fighting,Kanto Route 7,kanto-route-7-area,red,walk,17,17,15,,mountain,brown,upright,medium,4,0.5,0.5,false,false
mankey,56,fighting,Kanto Route 7,kanto-route-7-area,red,walk,18,18,10,,mountain,brown,upright,medium,4,0.5,0.5,false,false
mankey,56,fighting,Kanto Route 7,kanto-route-7-area,red,walk,19,19,4,,mountain,brown,upright,medium,4,0.5,0.5,false,false
mankey,56,fighting,Kanto Route 7,kanto-route-7-area,red,walk,20,20,1,,mountain,brown,upright,medium,4,0.5,0.5,false,false
oddish,43,grass|poison,Kanto Route 7,kanto-route-7-area,red,walk,19,19,20,,grassland,blue,legs,medium-slow,4,0.5,0.5,false,false
oddish,43,grass|poison,Kanto Route 7,kanto-route-7-area,red,walk,22,22,10,,grassland,blue,legs,medium-slow,4,0.5,0.5,false,false
pidgey,16,normal|flying,Kanto Route 7,kanto-route-7-area,red,walk,19,19,20,,forest,brown,wings,medium-slow,4,0.5,0.5,false,false
pidgey,16,normal|flying,Kanto Route 7,kanto-route-7-area,red,walk,22,22,10,,forest,brown,wings,medium-slow,4,0.5,0.5,false,false
ekans,23,poison,Kanto Route 8,kanto-route-8-area,red,walk,17,17,15,,grassland,purple,squiggle,medium,4,0.5,0.5,false,false
ekans,23,poison,Kanto Route 8,kanto-route-8-area,red,walk,19,19,5,,grassland,purple,squiggle,medium,4,0.5,0.5,false,false
growlithe,58,fire,Kanto Route 8,kanto-route-8-area,red,walk,15,15,4,,grassland,brown,quadruped,slow,2,0.25,0.75,false,false
growlithe,58,fire,Kanto Route 8,kanto-route-8-area,red,walk,16,16,10,,grassland,brown,quadruped,slow,2,0.25,0.75,false,false
growlithe,58,fire,Kanto Route 8,kanto-route-8-area,red,walk,17,17,5,,grassland,brown,quadruped,slow,2,0.25,0.75,false,false
growlithe,58,fire,Kanto Route 8,kanto-route-8-area,red,walk,18,18,1,,grassland,brown,quadruped,slow,2,0.25,0.75,false,false
mankey,56,fighting,Kanto Route 8,kanto-route-8-area,red,walk,18,18,20,,mountain,brown,upright,medium,4,0.5,0.5,false,false
mankey,56,fighting,Kanto Route 8,kanto-route-8-area,red,walk,20,20,10,,mountain,brown,upright,medium,4,0.5,0.5,false,false
pidgey,16,normal|flying,Kanto Route 8,kanto-route-8-area,red,walk,18,18,20,,forest,brown,wings,medium-slow,4,0.5,0.5,false,false
pidgey,16,normal|flying,Kanto Route 8,kanto-route-8-area,red,walk,20,20,10,,forest,brown,wings,medium-slow,4,0.5,0.5,false,false
ekans,23,poison,Kanto Route 9,kanto-route-9-area,red,walk,11,11,10,,grassland,purple,squiggle,medium,4,0.5,0.5,false,false
ekans,23,poison,Kanto Route 9,kanto-route-9-area,red,walk,13,13,4,,grassland,purple,squiggle,medium,4,0.5,0.5,false,false
ekans,23,poison,Kanto Route 9,kanto-route-9-area,red,walk,15,15,10,,grassland,purple,squiggle,medium,4,0.5,0.5,false,false
ekans,23,poison,Kanto Route 9,kanto-route-9-area,red,walk,17,17,1,,grassland,purple,squiggle,medium,4,0.5,0.5,false,false
rattata,19,normal,Kanto Route 9,kanto-route-9-area,red,walk,14,14,15,,grassland,purple,quadruped,medium,4,0.5,0.5,false,false
rattata,19,normal,Kanto Route 9,kanto-route-9-area,red,walk,16,16,20,,grassland,purple,quadruped,medium,4,0.5,0.5,false,false
rattata,19,normal,Kanto Route 9,kanto-route-9-area,red,walk,17,17,5,,grassland,purple,quadruped,medium,4,0.5,0.5,false,false
spearow,21,normal|flying,Kanto Route 9,kanto-route-9-area,red,walk,13,13,10,,rough-terrain,brown,wings,medium,4,0.5,0.5,false,false
spearow,21,normal|flying,Kanto Route 9,kanto-route-9-area,red,walk,16,16,20,,rough-terrain,brown,wings,medium,4,0.5,0.5,false,false
spearow,21,normal|flying,Kanto Route 9,kanto-route-9-area,red,walk,17,17,5,,rough-terrain,brown,wings,medium,4,0.5,0.5,false,false
doduo,84,normal|flying,Kanto Safari Zone Area 1 East,kanto-safari-zone-area-1-east,red,walk,26,26,20,,grassland,brown,legs,medium,4,0.5,0.5,false,false
exeggcute,102,grass|psychic,Kanto Safari Zone Area 1 East,kanto-safari-zone-area-1-east,red,walk,23,23,10,,forest,pink,heads,slow,4,0.5,0.5,false,false
exeggcute,102,grass|psychic,Kanto Safari Zone Area 1 East,kanto-safari-zone-area-1-east,red,walk,25,25,10,,forest,pink,heads,slow,4,0.5,0.5,false,false
kangaskhan,115,normal,Kanto Safari Zone Area 1 East,kanto-safari-zone-area-1-east,red,walk,25,25,4,,grassland,brown,upright,medium,8,1,0,false,false
nidoran-f,29,poison,Kanto Safari Zone Area 1 East,kanto-safari-zone-area-1-east,red,walk,24,24,5,,grassland,blue,quadruped,medium-slow,8,1,0,false,false
nidoran-m,32,poison,Kanto Safari Zone Area 1 East,kanto-safari-zone-area-1-east,red,walk,24,24,20,,grassland,purple,quadruped,medium-slow,0,0,1,false,false
nidorino,33,poison,Kanto Safari Zone Area 1 East,kanto-safari-zone-area-1-east,red,walk,33,33,10,,grassland,purple,quadruped,medium-slow,0,0,1,false,false
paras,46,bug|grass,Kanto Safari Zone Area 1 East,kanto-safari-zone-area-1-east,red,walk,22,22,15,,forest,red,armor,medium,4,0.5,0.5,false,false
parasect,47,bug|grass,Kanto Safari Zone Area 1 East,kanto-safari-zone-area-1-east,red,walk,25,25,5,,forest,red,armor,medium,4,0.5,0.5,false,false
scyther,123,bug|flying,Kanto Safari Zone Area 1 East,kanto-safari-zone-area-1-east,red,walk,28,28,1,,grassland,green,bug-wings,medium,4,0.5,0.5,false,false
chansey,113,normal,Kanto Safari Zone Area 2 North,kanto-safari-zone-area-2-north,red,walk,26,26,4,,urban,pink,upright,fast,8,1,0,false,false
exeggcute,102,grass|psychic,Kanto Safari Zone Area 2 North,kanto-safari-zone-area-2-north,red,walk,25,25,10,,forest,pink,heads,slow,4,0.5,0.5,false,false
exeggcute,102,grass|psychic,Kanto Safari Zone Area 2 North,kanto-safari-zone-area-2-north,red,walk,27,27,10,,forest,pink,heads,slow,4,0.5,0.5,false,false
nidoran-m,32,poison,Kanto Safari Zone Area 2 North,kanto-safari-zone-area-2-north,red,walk,22,22,20,,grassland,purple,quadruped,medium-slow,0,0,1,false,false
nidorina,30,poison,Kanto Safari Zone Area 2 North,kanto-safari-zone-area-2-north,red,walk,30,30,5,,grassland,blue,quadruped,medium-slow,8,1,0,false,false
nidorino,33,poison,Kanto Safari Zone Area 2 North,kanto-safari-zone-area-2-north,red,walk,30,30,10,,grassland,purple,quadruped,medium-slow,0,0,1,false,false
paras,46,bug|grass,Kanto Safari Zone Area 2 North,kanto-safari-zone-area-2-north,red,walk,23,23,15,,forest,red,armor,medium,4,0.5,0.5,false,false
rhyhorn,111,ground|rock,Kanto Safari Zone Area 2 North,kanto-safari-zone-area-2-north,red,walk,26,26,20,,rough-terrain,gray,quadruped,slow,4,0.5,0.5,false,false
tauros,128,normal,Kanto Safari Zone Area 2 North,kanto-safari-zone-area-2-north,red,walk,28,28,1,,grassland,brown,quadruped,slow,0,0,1,false,false
venomoth,49,bug|poison,Kanto Safari Zone Area 2 North,kanto-safari-zone-area-2-north,red,walk,32,32,5,,forest,purple,bug-wings,medium,4,0.5,0.5,false,false
doduo,84,normal|flying,Kanto Safari Zone Area 3 West,kanto-safari-zone-area-3-west,red,walk,26,26,20,,grassland,brown,legs,medium,4,0.5,0.5,false,false
exeggcute,102,grass|psychic,Kanto Safari Zone Area 3 West,kanto-safari-zone-area-3-west,red,walk,24,24,10,,forest,pink,heads,slow,4,0.5,0.5,false,false
exeggcute,102,grass|psychic,Kanto Safari Zone Area 3 West,kanto-safari-zone-area-3-west,red,walk,26,26,10,,forest,pink,heads,slow,4,0.5,0.5,false,false
kangaskhan,115,normal,Kanto Safari Zone Area 3 West,kanto-safari-zone-area-3-west,red,walk,28,28,1,,grassland,brown,upright,medium,8,1,0,false,false
nidoran-f,29,poison,Kanto Safari Zone Area 3 West,kanto-safari-zone-area-3-west,red,walk,25,25,5,,grassland,blue,quadruped,medium-slow,8,1,0,false,false
nidoran-m,32,poison,Kanto Safari Zone Area 3 West,kanto-safari-zone-area-3-west,red,walk,25,25,20,,grassland,purple,quadruped,medium-slow,0,0,1,false,false
nidorino,33,poison,Kanto Safari Zone Area 3 West,kanto-safari-zone-area-3-west,red,walk,33,33,10,,grassland,purple,quadruped,medium-slow,0,0,1,false,false
tauros,128,normal,Kanto Safari Zone Area 3 West,kanto-safari-zone-area-3-west,red,walk,26,26,4,,grassland,brown,quadruped,slow,0,0,1,false,false
venomoth,49,bug|poison,Kanto Safari Zone Area 3 West,kanto-safari-zone-area-3-west,red,walk,31,31,5,,forest,purple,bug-wings,medium,4,0.5,0.5,false,false
venonat,48,bug|poison,Kanto Safari Zone Area 3 West,kanto-safari-zone-area-3-west,red,walk,23,23,15,,forest,purple,humanoid,medium,4,0.5,0.5,false,false
chansey,113,normal,Kanto Safari Zone Middle,kanto-safari-zone-middle,red,walk,23,23,1,,urban,pink,upright,fast,8,1,0,false,false
exeggcute,102,grass|psychic,Kanto Safari Zone Middle,kanto-safari-zone-middle,red,walk,24,24,10,,forest,pink,heads,slow,4,0.5,0.5,false,false
exeggcute,102,grass|psychic,Kanto Safari Zone Middle,kanto-safari-zone-middle,red,walk,25,25,10,,forest,pink,heads,slow,4,0.5,0.5,false,false
nidoran-m,32,poison,Kanto Safari Zone Middle,kanto-safari-zone-middle,red,walk,22,22,20,,grassland,purple,quadruped,medium-slow,0,0,1,false,false
nidorina,30,poison,Kanto Safari Zone Middle,kanto-safari-zone-middle,red,walk,31,31,5,,grassland,blue,quadruped,medium-slow,8,1,0,false,false
nidorino,33,poison,Kanto Safari Zone Middle,kanto-safari-zone-middle,red,walk,31,31,10,,grassland,purple,quadruped,medium-slow,0,0,1,false,false
parasect,47,bug|grass,Kanto Safari Zone Middle,kanto-safari-zone-middle,red,walk,30,30,5,,forest,red,armor,medium,4,0.5,0.5,false,false
rhyhorn,111,ground|rock,Kanto Safari Zone Middle,kanto-safari-zone-middle,red,walk,25,25,20,,rough-terrain,gray,quadruped,slow,4,0.5,0.5,false,false
scyther,123,bug|flying,Kanto Safari Zone Middle,kanto-safari-zone-middle,red,walk,23,23,4,,grassland,green,bug-wings,medium,4,0.5,0.5,false,false
venonat,48,bug|poison,Kanto Safari Zone Middle,kanto-safari-zone-middle,red,walk,22,22,15,,forest,purple,humanoid,medium,4,0.5,0.5,false,false
pidgeotto,17,normal|flying,Kanto Sea Route 21,kanto-sea-route-21-area,red,walk,30,30,10,,forest,brown,wings,medium-slow,4,0.5,0.5,false,false
pidgeotto,17,normal|flying,Kanto Sea Route 21,kanto-sea-route-21-area,red,walk,32,32,5,,forest,brown,wings,medium-slow,4,0.5,0.5,false,false
pidgey,16,normal|flying,Kanto Sea Route 21,kanto-sea-route-21-area,red,walk,21,21,10,,forest,brown,wings,medium-slow,4,0.5,0.5,false,false
pidgey,16,normal|flying,Kanto Sea Route 21,kanto-sea-route-21-area,red,walk,23,23,20,,forest,brown,wings,medium-slow,4,0.5,0.5,false,false
raticate,20,normal,Kanto Sea Route 21,kanto-sea-route-21-area,red,walk,30,30,15,,grassland,brown,quadruped,medium,4,0.5,0.5,false,false
rattata,19,normal,Kanto Sea Route 21,kanto-sea-route-21-area,red,walk,21,21,20,,grassland,purple,quadruped,medium,4,0.5,0.5,false,false
rattata,19,normal,Kanto Sea Route 21,kanto-sea-route-21-area,red,walk,23,23,10,,grassland,purple,quadruped,medium,4,0.5,0.5,false,false
tangela,114,grass,Kanto Sea Route 21,kanto-sea-route-21-area,red,walk,28,28,5,,grassland,blue,legs,medium,4,0.5,0.5,false,false
tangela,114,grass,Kanto Sea Route 21,kanto-sea-route-21-area,red,walk,30,30,4,,grassland,blue,legs,medium,4,0.5,0.5,false,false
tangela,114,grass,Kanto Sea Route 21,kanto-sea-route-21-area,red,walk,32,32,1,,grassland,blue,legs,medium,4,0.5,0.5,false,false
geodude,74,rock|ground,Kanto Victory Road 2 1f,kanto-victory-road-2-1f,red,walk,26,26,20,,mountain,brown,arms,medium-slow,4,0.5,0.5,false,false
golbat,42,poison|flying,Kanto Victory Road 2 1f,kanto-victory-road-2-1f,red,walk,41,41,5,,cave,purple,wings,medium,4,0.5,0.5,false,false
graveler,75,rock|ground,Kanto Victory Road 2 1f,kanto-victory-road-2-1f,red,walk,41,41,5,,mountain,brown,humanoid,medium-slow,4,0.5,0.5,false,false
machoke,67,fighting,Kanto Victory Road 2 1f,kanto-victory-road-2-1f,red,walk,42,42,4,,mountain,gray,humanoid,medium-slow,2,0.25,0.75,false,false
machop,66,fighting,Kanto Victory Road 2 1f,kanto-victory-road-2-1f,red,walk,24,24,20,,mountain,gray,upright,medium-slow,2,0.25,0.75,false,false
marowak,105,ground,Kanto Victory Road 2 1f,kanto-victory-road-2-1f,red,walk,43,43,1,,mountain,brown,upright,medium,4,0.5,0.5,false,false
onix,95,rock|ground,Kanto Victory Road 2 1f,kanto-victory-road-2-1f,red,walk,36,36,10,,cave,gray,squiggle,medium,4,0.5,0.5,false,false
onix,95,rock|ground,Kanto Victory Road 2 1f,kanto-victory-road-2-1f,red,walk,39,39,10,,cave,gray,squiggle,medium,4,0.5,0.5,false,false
onix,95,rock|ground,Kanto Victory Road 2 1f,kanto-victory-road-2-1f,red,walk,42,42,10,,cave,gray,squiggle,medium,4,0.5,0.5,false,false
zubat,41,poison|flying,Kanto Victory Road 2 1f,kanto-victory-road-2-1f,red,walk,22,22,15,,cave,purple,wings,medium,4,0.5,0.5,false,false
geodude,74,rock|ground,Kanto Victory Road 2 2f,kanto-victory-road-2-2f,red,walk,24,24,20,,mountain,brown,arms,medium-slow,4,0.5,0.5,false,false
golbat,42,poison|flying,Kanto Victory Road 2 2f,kanto-victory-road-2-2f,red,walk,40,40,5,,cave,purple,wings,medium,4,0.5,0.5,false,false
graveler,75,rock|ground,Kanto Victory Road 2 2f,kanto-victory-road-2-2f,red,walk,43,43,1,,mountain,brown,humanoid,medium-slow,4,0.5,0.5,false,false
machoke,67,fighting,Kanto Victory Road 2 2f,kanto-victory-road-2-2f,red,walk,41,41,5,,mountain,gray,humanoid,medium-slow,2,0.25,0.75,false,false
machop,66,fighting,Kanto Victory Road 2 2f,kanto-victory-road-2-2f,red,walk,22,22,20,,mountain,gray,upright,medium-slow,2,0.25,0.75,false,false
marowak,105,ground,Kanto Victory Road 2 2f,kanto-victory-road-2-2f,red,walk,40,40,4,,mountain,brown,upright,medium,4,0.5,0.5,false,false
onix,95,rock|ground,Kanto Victory Road 2 2f,kanto-victory-road-2-2f,red,walk,36,36,10,,cave,gray,squiggle,medium,4,0.5,0.5,false,false
onix,95,rock|ground,Kanto Victory Road 2 2f,kanto-victory-road-2-2f,red,walk,39,39,10,,cave,gray,squiggle,medium,4,0.5,0.5,false,false
onix,95,rock|ground,Kanto Victory Road 2 2f,kanto-victory-road-2-2f,red,walk,42,42,10,,cave,gray,squiggle,medium,4,0.5,0.5,false,false
zubat,41,poison|flying,Kanto Victory Road 2 2f,kanto-victory-road-2-2f,red,walk,26,26,15,,cave,purple,wings,medium,4,0.5,0.5,false,false
geodude,74,rock|ground,Kanto Victory Road 2 3f,kanto-victory-road-2-3f,red,walk,26,26,20,,mountain,brown,arms,medium-slow,4,0.5,0.5,false,false
golbat,42,poison|flying,Kanto Victory Road 2 3f,kanto-victory-road-2-3f,red,walk,41,41,5,,cave,purple,wings,medium,4,0.5,0.5,false,false
graveler,75,rock|ground,Kanto Victory Road 2 3f,kanto-victory-road-2-3f,red,walk,43,43,5,,mountain,brown,humanoid,medium-slow,4,0.5,0.5,false,false
machoke,67,fighting,Kanto Victory Road 2 3f,kanto-victory-road-2-3f,red,walk,42,42,4,,mountain,gray,humanoid,medium-slow,2,0.25,0.75,false,false
machoke,67,fighting,Kanto Victory Road 2 3f,kanto-victory-road-2-3f,red,walk,45,45,1,,mountain,gray,humanoid,medium-slow,2,0.25,0.75,false,false
machop,66,fighting,Kanto Victory Road 2 3f,kanto-victory-road-2-3f,red,walk,24,24,20,,mountain,gray,upright,medium-slow,2,0.25,0.75,false,false
onix,95,rock|ground,Kanto Victory Road 2 3f,kanto-victory-road-2-3f,red,walk,42,42,10,,cave,gray,squiggle,medium,4,0.5,0.5,false,false
onix,95,rock|ground,Kanto Victory Road 2 3f,kanto-victory-road-2-3f,red,walk,45,45,10,,cave,gray,squiggle,medium,4,0.5,0.5,false,false
venomoth,49,bug|poison,Kanto Victory Road 2 3f,kanto-victory-road-2-3f,red,walk,40,40,10,,forest,purple,bug-wings,medium,4,0.5,0.5,false,false
zubat,41,poison|flying,Kanto Victory Road 2 3f,kanto-victory-road-2-3f,red,walk,22,22,15,,cave,purple,wings,medium,4,0.5,0.5,false,false
clefairy,35,fairy,Mt Moon 1f,mt-moon-1f,red,walk,8,8,1,,mountain,pink,upright,fast,6,0.75,0.25,false,false
geodude,74,rock|ground,Mt Moon 1f,mt-moon-1f,red,walk,10,10,5,,mountain,brown,arms,medium-slow,4,0.5,0.5,false,false
geodude,74,rock|ground,Mt Moon 1f,mt-moon-1f,red,walk,8,8,10,,mountain,brown,arms,medium-slow,4,0.5,0.5,false,false
paras,46,bug|grass,Mt Moon 1f,mt-moon-1f,red,walk,8,8,5,,forest,red,armor,medium,4,0.5,0.5,false,false
zubat,41,poison|flying,Mt Moon 1f,mt-moon-1f,red,walk,10,10,10,,cave,purple,wings,medium,4,0.5,0.5,false,false
zubat,41,poison|flying,Mt Moon 1f,mt-moon-1f,red,walk,11,11,4,,cave,purple,wings,medium,4,0.5,0.5,false,false
zubat,41,poison|flying,Mt Moon 1f,mt-moon-1f,red,walk,6,6,10,,cave,purple,wings,medium,4,0.5,0.5,false,false
zubat,41,poison|flying,Mt Moon 1f,mt-moon-1f,red,walk,7,7,20,,cave,purple,wings,medium,4,0.5,0.5,false,false
zubat,41,poison|flying,Mt Moon 1f,mt-moon-1f,red,walk,8,8,20,,cave,purple,wings,medium,4,0.5,0.5,false,false
zubat,41,poison|flying,Mt Moon 1f,mt-moon-1f,red,walk,9,9,15,,cave,purple,wings,medium,4,0.5,0.5,false,false
clefairy,35,fairy,Mt Moon B1f,mt-moon-b1f,red,walk,9,9,4,,mountain,pink,upright,fast,6,0.75,0.25,false,false
geodude,74,rock|ground,Mt Moon B1f,mt-moon-b1f,red,walk,7,7,15,,mountain,brown,arms,medium-slow,4,0.5,0.5,false,false
geodude,74,rock|ground,Mt Moon B1f,mt-moon-b1f,red,walk,8,8,10,,mountain,brown,arms,medium-slow,4,0.5,0.5,false,false
geodude,74,rock|ground,Mt Moon B1f,mt-moon-b1f,red,walk,9,9,1,,mountain,brown,arms,medium-slow,4,0.5,0.5,false,false
paras,46,bug|grass,Mt Moon B1f,mt-moon-b1f,red,walk,10,10,10,,forest,red,armor,medium,4,0.5,0.5,false,false
zubat,41,poison|flying,Mt Moon B1f,mt-moon-b1f,red,walk,10,10,5,,cave,purple,wings,medium,4,0.5,0.5,false,false
zubat,41,poison|flying,Mt Moon B1f,mt-moon-b1f,red,walk,11,11,5,,cave,purple,wings,medium,4,0.5,0.5,false,false
zubat,41,poison|flying,Mt Moon B1f,mt-moon-b1f,red,walk,7,7,20,,cave,purple,wings,medium,4,0.5,0.5,false,false
zubat,41,poison|flying,Mt Moon B1f,mt-moon-b1f,red,walk,8,8,20,,cave,purple,wings,medium,4,0.5,0.5,false,false
zubat,41,poison|flying,Mt Moon B1f,mt-moon-b1f,red,walk,9,9,10,,cave,purple,wings,medium,4,0.5,0.5,false,false
clefairy,35,fairy,Mt Moon B2f,mt-moon-b2f,red,walk,10,10,5,,mountain,pink,upright,fast,6,0.75,0.25,false,false
clefairy,35,fairy,Mt Moon B2f,mt-moon-b2f,red,walk,12,12,1,,mountain,pink,upright,fast,6,0.75,0.25,false,false
geodude,74,rock|ground,Mt Moon B2f,mt-moon-b2f,red,walk,10,10,10,,mountain,brown,arms,medium-slow,4,0.5,0.5,false,false
geodude,74,rock|ground,Mt Moon B2f,mt-moon-b2f,red,walk,9,9,20,,mountain,brown,arms,medium-slow,4,0.5,0.5,false,false
paras,46,bug|grass,Mt Moon B2f,mt-moon-b2f,red,walk,10,10,10,,forest,red,armor,medium,4,0.5,0.5,false,false
paras,46,bug|grass,Mt Moon B2f,mt-moon-b2f,red,walk,12,12,5,,forest,red,armor,medium,4,0.5,0.5,false,false
zubat,41,poison|flying,Mt Moon B2f,mt-moon-b2f,red,walk,10,10,15,,cave,purple,wings,medium,4,0.5,0.5,false,false
zubat,41,poison|flying,Mt Moon B2f,mt-moon-b2f,red,walk,11,11,10,,cave,purple,wings,medium,4,0.5,0.5,false,false
zubat,41,poison|flying,Mt Moon B2f,mt-moon-b2f,red,walk,12,12,4,,cave,purple,wings,medium,4,0.5,0.5,false,false
zubat,41,poison|flying,Mt Moon B2f,mt-moon-b2f,red,walk,9,9,20,,cave,purple,wings,medium,4,0.5,0.5,false,false
grimer,88,poison,Pokemon Mansion 1f,pokemon-mansion-1f,red,walk,30,30,5,,urban,purple,arms,medium,4,0.5,0.5,false,false
growlithe,58,fire,Pokemon Mansion 1f,pokemon-mansion-1f,red,walk,34,34,10,,grassland,brown,quadruped,slow,2,0.25,0.75,false,false
koffing,109,poison,Pokemon Mansion 1f,pokemon-mansion-1f,red,walk,30,30,20,,urban,purple,ball,medium,4,0.5,0.5,false,false
koffing,109,poison,Pokemon Mansion 1f,pokemon-mansion-1f,red,walk,32,32,20,,urban,purple,ball,medium,4,0.5,0.5,false,false
muk,89,poison,Pokemon Mansion 1f,pokemon-mansion-1f,red,walk,39,39,1,,urban,purple,arms,medium,4,0.5,0.5,false,false
ponyta,77,fire,Pokemon Mansion 1f,pokemon-mansion-1f,red,walk,28,28,5,,grassland,yellow,quadruped,medium,4,0.5,0.5,false,false
ponyta,77,fire,Pokemon Mansion 1f,pokemon-mansion-1f,red,walk,30,30,10,,grassland,yellow,quadruped,medium,4,0.5,0.5,false,false
ponyta,77,fire,Pokemon Mansion 1f,pokemon-mansion-1f,red,walk,32,32,10,,grassland,yellow,quadruped,medium,4,0.5,0.5,false,false
ponyta,77,fire,Pokemon Mansion 1f,pokemon-mansion-1f,red,walk,34,34,15,,grassland,yellow,quadruped,medium,4,0.5,0.5,false,false
weezing,110,poison,Pokemon Mansion 1f,pokemon-mansion-1f,red,walk,37,37,4,,urban,purple,heads,medium,4,0.5,0.5,false,false
grimer,88,poison,Pokemon Mansion 2f,pokemon-mansion-2f,red,walk,30,30,5,,urban,purple,arms,medium,4,0.5,0.5,false,false
growlithe,58,fire,Pokemon Mansion 2f,pokemon-mansion-2f,red,walk,32,32,20,,grassland,brown,quadruped,slow,2,0.25,0.75,false,false
koffing,109,poison,Pokemon Mansion 2f,pokemon-mansion-2f,red,walk,30,30,10,,urban,purple,ball,medium,4,0.5,0.5,false,false
koffing,109,poison,Pokemon Mansion 2f,pokemon-mansion-2f,red,walk,34,34,20,,urban,purple,ball,medium,4,0.5,0.5,false,false
koffing,109,poison,Pokemon Mansion 2f,pokemon-mansion-2f,red,walk,34,34,15,,urban,purple,ball,medium,4,0.5,0.5,false,false
muk,89,poison,Pokemon Mansion 2f,pokemon-mansion-2f,red,walk,37,37,1,,urban,purple,arms,medium,4,0.5,0.5,false,false
ponyta,77,fire,Pokemon Mansion 2f,pokemon-mansion-2f,red,walk,28,28,5,,grassland,yellow,quadruped,medium,4,0.5,0.5,false,false
ponyta,77,fire,Pokemon Mansion 2f,pokemon-mansion-2f,red,walk,30,30,10,,grassland,yellow,quadruped,medium,4,0.5,0.5,false,false
ponyta,77,fire,Pokemon Mansion 2f,pokemon-mansion-2f,red,walk,32,32,10,,grassland,yellow,quadruped,medium,4,0.5,0.5,false,false
weezing,110,poison,Pokemon Mansion 2f,pokemon-mansion-2f,red,walk,39,39,4,,urban,purple,heads,medium,4,0.5,0.5,false,false
grimer,88,poison,Pokemon Mansion 3f,pokemon-mansion-3f,red,walk,34,34,5,,urban,purple,arms,medium,4,0.5,0.5,false,false
growlithe,58,fire,Pokemon Mansion 3f,pokemon-mansion-3f,red,walk,33,33,20,,grassland,brown,quadruped,slow,2,0.25,0.75,false,false
koffing,109,poison,Pokemon Mansion 3f,pokemon-mansion-3f,red,walk,31,31,20,,urban,purple,ball,medium,4,0.5,0.5,false,false
koffing,109,poison,Pokemon Mansion 3f,pokemon-mansion-3f,red,walk,35,35,15,,urban,purple,ball,medium,4,0.5,0.5,false,false
muk,89,poison,Pokemon Mansion 3f,pokemon-mansion-3f,red,walk,42,42,1,,urban,purple,arms,medium,4,0.5,0.5,false,false
ponyta,77,fire,Pokemon Mansion 3f,pokemon-mansion-3f,red,walk,32,32,10,,grassland,yellow,quadruped,medium,4,0.5,0.5,false,false
ponyta,77,fire,Pokemon Mansion 3f,pokemon-mansion-3f,red,walk,34,34,10,,grassland,yellow,quadruped,medium,4,0.5,0.5,false,false
ponyta,77,fire,Pokemon Mansion 3f,pokemon-mansion-3f,red,walk,36,36,4,,grassland,yellow,quadruped,medium,4,0.5,0.5,false,false
weezing,110,poison,Pokemon Mansion 3f,pokemon-mansion-3f,red,walk,38,38,5,,urban,purple,heads,medium,4,0.5,0.5,false,false
weezing,110,poison,Pokemon Mansion 3f,pokemon-mansion-3f,red,walk,40,40,10,,urban,purple,heads,medium,4,0.5,0.5,false,false
grimer,88,poison,Pokemon Mansion B1f,pokemon-mansion-b1f,red,walk,35,35,5,,urban,purple,arms,medium,4,0.5,0.5,false,false
growlithe,58,fire,Pokemon Mansion B1f,pokemon-mansion-b1f,red,walk,35,35,15,,grassland,brown,quadruped,slow,2,0.25,0.75,false,false
koffing,109,poison,Pokemon Mansion B1f,pokemon-mansion-b1f,red,walk,31,31,20,,urban,purple,ball,medium,4,0.5,0.5,false,false
koffing,109,poison,Pokemon Mansion B1f,pokemon-mansion-b1f,red,walk,31,31,10,,urban,purple,ball,medium,4,0.5,0.5,false,false
koffing,109,poison,Pokemon Mansion B1f,pokemon-mansion-b1f,red,walk,33,33,20,,urban,purple,ball,medium,4,0.5,0.5,false,false
muk,89,poison,Pokemon Mansion B1f,pokemon-mansion-b1f,red,walk,42,42,1,,urban,purple,arms,medium,4,0.5,0.5,false,false
ponyta,77,fire,Pokemon Mansion B1f,pokemon-mansion-b1f,red,walk,32,32,10,,grassland,yellow,quadruped,medium,4,0.5,0.5,false,false
ponyta,77,fire,Pokemon Mansion B1f,pokemon-mansion-b1f,red,walk,34,34,5,,grassland,yellow,quadruped,medium,4,0.5,0.5,false,false
weezing,110,poison,Pokemon Mansion B1f,pokemon-mansion-b1f,red,walk,40,40,10,,urban,purple,heads,medium,4,0.5,0.5,false,false
weezing,110,poison,Pokemon Mansion B1f,pokemon-mansion-b1f,red,walk,42,42,4,,urban,purple,heads,medium,4,0.5,0.5,false,false
cubone,104,ground,Pokemon Tower 3f,pokemon-tower-3f,red,walk,20,20,5,,mountain,brown,upright,medium,4,0.5,0.5,false,false
cubone,104,ground,Pokemon Tower 3f,pokemon-tower-3f,red,walk,22,22,4,,mountain,brown,upright,medium,4,0.5,0.5,false,false
gastly,92,ghost|poison,Pokemon Tower 3f,pokemon-tower-3f,red,walk,18,18,10,,cave,purple,ball,medium-slow,4,0.5,0.5,false,false
gastly,92,ghost|poison,Pokemon Tower 3f,pokemon-tower-3f,red,walk,19,19,10,,cave,purple,ball,medium-slow,4,0.5,0.5,false,false
gastly,92,ghost|poison,Pokemon Tower 3f,pokemon-tower-3f,red,walk,20,20,20,,cave,purple,ball,medium-slow,4,0.5,0.5,false,false
gastly,92,ghost|poison,Pokemon Tower 3f,pokemon-tower-3f,red,walk,21,21,20,,cave,purple,ball,medium-slow,4,0.5,0.5,false,false
gastly,92,ghost|poison,Pokemon Tower 3f,pokemon-tower-3f,red,walk,22,22,15,,cave,purple,ball,medium-slow,4,0.5,0.5,false,false
gastly,92,ghost|poison,Pokemon Tower 3f,pokemon-tower-3f,red,walk,23,23,10,,cave,purple,ball,medium-slow,4,0.5,0.5,false,false
gastly,92,ghost|poison,Pokemon Tower 3f,pokemon-tower-3f,red,walk,24,24,5,,cave,purple,ball,medium-slow,4,0.5,0.5,false,false
haunter,93,ghost|poison,Pokemon Tower 3f,pokemon-tower-3f,red,walk,25,25,1,,cave,purple,arms,medium-slow,4,0.5,0.5,false,false
cubone,104,ground,Pokemon Tower 4f,pokemon-tower-4f,red,walk,20,20,5,,mountain,brown,upright,medium,4,0.5,0.5,false,false
cubone,104,ground,Pokemon Tower 4f,pokemon-tower-4f,red,walk,22,22,4,,mountain,brown,upright,medium,4,0.5,0.5,false,false
gastly,92,ghost|poison,Pokemon Tower 4f,pokemon-tower-4f,red,walk,18,18,10,,cave,purple,ball,medium-slow,4,0.5,0.5,false,false
gastly,92,ghost|poison,Pokemon Tower 4f,pokemon-tower-4f,red,walk,19,19,10,,cave,purple,ball,medium-slow,4,0.5,0.5,false,false
gastly,92,ghost|poison,Pokemon Tower 4f,pokemon-tower-4f,red,walk,20,20,20,,cave,purple,ball,medium-slow,4,0.5,0.5,false,false
gastly,92,ghost|poison,Pokemon Tower 4f,pokemon-tower-4f,red,walk,21,21,20,,cave,purple,ball,medium-slow,4,0.5,0.5,false,false
gastly,92,ghost|poison,Pokemon Tower 4f,pokemon-tower-4f,red,walk,22,22,15,,cave,purple,ball,medium-slow,4,0.5,0.5,false,false
gastly,92,ghost|poison,Pokemon Tower 4f,pokemon-tower-4f,red,walk,23,23,10,,cave,purple,ball,medium-slow,4,0.5,0.5,false,false
gastly,92,ghost|poison,Pokemon Tower 4f,pokemon-tower-4f,red,walk,24,24,1,,cave,purple,ball,medium-slow,4,0.5,0.5,false,false
haunter,93,ghost|poison,Pokemon Tower 4f,pokemon-tower-4f,red,walk,25,25,5,,cave,purple,arms,medium-slow,4,0.5,0.5,false,false
cubone,104,ground,Pokemon Tower 5f,pokemon-tower-5f,red,walk,20,20,5,,mountain,brown,upright,medium,4,0.5,0.5,false,false
cubone,104,ground,Pokemon Tower 5f,pokemon-tower-5f,red,walk,22,22,4,,mountain,brown,upright,medium,4,0.5,0.5,false,false
gastly,92,ghost|poison,Pokemon Tower 5f,pokemon-tower-5f,red,walk,18,18,10,,cave,purple,ball,medium-slow,4,0.5,0.5,false,false
gastly,92,ghost|poison,Pokemon Tower 5f,pokemon-tower-5f,red,walk,19,19,10,,cave,purple,ball,medium-slow,4,0.5,0.5,false,false
gastly,92,ghost|poison,Pokemon Tower 5f,pokemon-tower-5f,red,walk,20,20,20,,cave,purple,ball,medium-slow,4,0.5,0.5,false,false
gastly,92,ghost|poison,Pokemon Tower 5f,pokemon-tower-5f,red,walk,21,21,20,,cave,purple,ball,medium-slow,4,0.5,0.5,false,false
gastly,92,ghost|poison,Pokemon Tower 5f,pokemon-tower-5f,red,walk,22,22,15,,cave,purple,ball,medium-slow,4,0.5,0.5,false,false
gastly,92,ghost|poison,Pokemon Tower 5f,pokemon-tower-5f,red,walk,23,23,10,,cave,purple,ball,medium-slow,4,0.5,0.5,false,false
gastly,92,ghost|poison,Pokemon Tower 5f,pokemon-tower-5f,red,walk,24,24,1,,cave,purple,ball,medium-slow,4,0.5,0.5,false,false
haunter,93,ghost|poison,Pokemon Tower 5f,pokemon-tower-5f,red,walk,25,25,5,,cave,purple,arms,medium-slow,4,0.5,0.5,false,false
cubone,104,ground,Pokemon Tower 6f,pokemon-tower-6f,red,walk,22,22,5,,mountain,brown,upright,medium,4,0.5,0.5,false,false
cubone,104,ground,Pokemon Tower 6f,pokemon-tower-6f,red,walk,24,24,4,,mountain,brown,upright,medium,4,0.5,0.5,false,false
gastly,92,ghost|poison,Pokemon Tower 6f,pokemon-tower-6f,red,walk,19,19,10,,cave,purple,ball,medium-slow,4,0.5,0.5,false,false
gastly,92,ghost|poison,Pokemon Tower 6f,pokemon-tower-6f,red,walk,20,20,10,,cave,purple,ball,medium-slow,4,0.5,0.5,false,false
gastly,92,ghost|poison,Pokemon Tower 6f,pokemon-tower-6f,red,walk,21,21,20,,cave,purple,ball,medium-slow,4,0.5,0.5,false,false
gastly,92,ghost|poison,Pokemon Tower 6f,pokemon-tower-6f,red,walk,22,22,20,,cave,purple,ball,medium-slow,4,0.5,0.5,false,false
gastly,92,ghost|poison,Pokemon Tower 6f,pokemon-tower-6f,red,walk,23,23,15,,cave,purple,ball,medium-slow,4,0.5,0.5,false,false
gastly,92,ghost|poison,Pokemon Tower 6f,pokemon-tower-6f,red,walk,24,24,10,,cave,purple,ball,medium-slow,4,0.5,0.5,false,false
haunter,93,ghost|poison,Pokemon Tower 6f,pokemon-tower-6f,red,walk,26,26,5,,cave,purple,arms,medium-slow,4,0.5,0.5,false,false
haunter,93,ghost|poison,Pokemon Tower 6f,pokemon-tower-6f,red,walk,28,28,1,,cave,purple,arms,medium-slow,4,0.5,0.5,false,false
cubone,104,ground,Pokemon Tower 7f,pokemon-tower-7f,red,walk,22,22,5,,mountain,brown,upright,medium,4,0.5,0.5,false,false
cubone,104,ground,Pokemon Tower 7f,pokemon-tower-7f,red,walk,24,24,5,,mountain,brown,upright,medium,4,0.5,0.5,false,false
gastly,92,ghost|poison,Pokemon Tower 7f,pokemon-tower-7f,red,walk,20,20,10,,cave,purple,ball,medium-slow,4,0.5,0.5,false,false
gastly,92,ghost|poison,Pokemon Tower 7f,pokemon-tower-7f,red,walk,21,21,20,,cave,purple,ball,medium-slow,4,0.5,0.5,false,false
gastly,92,ghost|poison,Pokemon Tower 7f,pokemon-tower-7f,red,walk,22,22,20,,cave,purple,ball,medium-slow,4,0.5,0.5,false,false
gastly,92,ghost|poison,Pokemon Tower 7f,pokemon-tower-7f,red,walk,23,23,15,,cave,purple,ball,medium-slow,4,0.5,0.5,false,false
gastly,92,ghost|poison,Pokemon Tower 7f,pokemon-tower-7f,red,walk,24,24,10,,cave,purple,ball,medium-slow,4,0.5,0.5,false,false
haunter,93,ghost|poison,Pokemon Tower 7f,pokemon-tower-7f,red,walk,28,28,10,,cave,purple,arms,medium-slow,4,0.5,0.5,false,false
haunter,93,ghost|poison,Pokemon Tower 7f,pokemon-tower-7f,red,walk,28,28,4,,cave,purple,arms,medium-slow,4,0.5,0.5,false,false
haunter,93,ghost|poison,Pokemon Tower 7f,pokemon-tower-7f,red,walk,30,30,1,,cave,purple,arms,medium-slow,4,0.5,0.5,false,false
electabuzz,125,electric,Power Plant,power-plant-area,red,walk,33,33,4,,grassland,yellow,upright,medium,2,0.25,0.75,false,false
electabuzz,125,electric,Power Plant,power-plant-area,red,walk,36,36,1,,grassland,yellow,upright,medium,2,0.25,0.75,false,false
magnemite,81,electric|steel,Power Plant,power-plant-area,red,walk,21,21,20,,rough-terrain,gray,arms,medium,-1,,,false,false
magnemite,81,electric|steel,Power Plant,power-plant-area,red,walk,23,23,10,,rough-terrain,gray,arms,medium,-1,,,false,false
magneton,82,electric|steel,Power Plant,power-plant-area,red,walk,32,32,5,,rough-terrain,gray,heads,medium,-1,,,false,false
magneton,82,electric|steel,Power Plant,power-plant-area,red,walk,35,35,5,,rough-terrain,gray,heads,medium,-1,,,false,false
pikachu,25,electric,Power Plant,power-plant-area,red,walk,20,20,15,,forest,yellow,quadruped,medium,4,0.5,0.5,false,false
pikachu,25,electric,Power Plant,power-plant-area,red,walk,24,24,10,,forest,yellow,quadruped,medium,4,0.5,0.5,false,false
voltorb,100,electric,Power Plant,power-plant-area,red,walk,21,21,20,,urban,red,ball,medium,-1,,,false,false
voltorb,100,electric,Power Plant,power-plant-area,red,walk,23,23,10,,urban,red,ball,medium,-1,,,false,false
geodude,74,rock|ground,Rock Tunnel B1f,rock-tunnel-b1f,red,walk,16,16,10,,mountain,brown,arms,medium-slow,4,0.5,0.5,false,false
geodude,74,rock|ground,Rock Tunnel B1f,rock-tunnel-b1f,red,walk,17,17,15,,mountain,brown,arms,medium-slow,4,0.5,0.5,false,false
machop,66,fighting,Rock Tunnel B1f,rock-tunnel-b1f,red,walk,15,15,10,,mountain,gray,upright,medium-slow,2,0.25,0.75,false,false
machop,66,fighting,Rock Tunnel B1f,rock-tunnel-b1f,red,walk,17,17,5,,mountain,gray,upright,medium-slow,2,0.25,0.75,false,false
onix,95,rock|ground,Rock Tunnel B1f,rock-tunnel-b1f,red,walk,13,13,4,,cave,gray,squiggle,medium,4,0.5,0.5,false,false
onix,95,rock|ground,Rock Tunnel B1f,rock-tunnel-b1f,red,walk,15,15,1,,cave,gray,squiggle,medium,4,0.5,0.5,false,false
zubat,41,poison|flying,Rock Tunnel B1f,rock-tunnel-b1f,red,walk,15,15,5,,cave,purple,wings,medium,4,0.5,0.5,false,false
zubat,41,poison|flying,Rock Tunnel B1f,rock-tunnel-b1f,red,walk,16,16,20,,cave,purple,wings,medium,4,0.5,0.5,false,false
zubat,41,poison|flying,Rock Tunnel B1f,rock-tunnel-b1f,red,walk,17,17,20,,cave,purple,wings,medium,4,0.5,0.5,false,false
zubat,41,poison|flying,Rock Tunnel B1f,rock-tunnel-b1f,red,walk,18,18,10,,cave,purple,wings,medium,4,0.5,0.5,false,false
geodude,74,rock|ground,Rock Tunnel B2f,rock-tunnel-b2f,red,walk,16,16,10,,mountain,brown,arms,medium-slow,4,0.5,0.5,false,false
geodude,74,rock|ground,Rock Tunnel B2f,rock-tunnel-b2f,red,walk,17,17,15,,mountain,brown,arms,medium-slow,4,0.5,0.5,false,false
geodude,74,rock|ground,Rock Tunnel B2f,rock-tunnel-b2f,red,walk,18,18,1,,mountain,brown,arms,medium-slow,4,0.5,0.5,false,false
machop,66,fighting,Rock Tunnel B2f,rock-tunnel-b2f,red,walk,15,15,10,,mountain,gray,upright,medium-slow,2,0.25,0.75,false,false
machop,66,fighting,Rock Tunnel B2f,rock-tunnel-b2f,red,walk,17,17,5,,mountain,gray,upright,medium-slow,2,0.25,0.75,false,false
onix,95,rock|ground,Rock Tunnel B2f,rock-tunnel-b2f,red,walk,13,13,4,,cave,gray,squiggle,medium,4,0.5,0.5,false,false
onix,95,rock|ground,Rock Tunnel B2f,rock-tunnel-b2f,red,walk,17,17,5,,cave,gray,squiggle,medium,4,0.5,0.5,false,false
zubat,41,poison|flying,Rock Tunnel B2f,rock-tunnel-b2f,red,walk,16,16,20,,cave,purple,wings,medium,4,0.5,0.5,false,false
zubat,41,poison|flying,Rock Tunnel B2f,rock-tunnel-b2f,red,walk,17,17,20,,cave,purple,wings,medium,4,0.5,0.5,false,false
zubat,41,poison|flying,Rock Tunnel B2f,rock-tunnel-b2f,red,walk,18,18,10,,cave,purple,wings,medium,4,0.5,0.5,false,false
golbat,42,poison|flying,Seafoam Islands 1f,seafoam-islands-1f,red,walk,29,29,5,,cave,purple,wings,medium,4,0.5,0.5,false,false
golduck,55,water,Seafoam Islands 1f,seafoam-islands-1f,red,walk,38,38,1,,waters-edge,blue,upright,medium,4,0.5,0.5,false,false
horsea,116,water,Seafoam Islands 1f,seafoam-islands-1f,red,walk,28,28,10,,sea,blue,blob,medium,4,0.5,0.5,false,false
horsea,116,water,Seafoam Islands 1f,seafoam-islands-1f,red,walk,30,30,10,,sea,blue,blob,medium,4,0.5,0.5,false,false
psyduck,54,water,Seafoam Islands 1f,seafoam-islands-1f,red,walk,28,28,5,,waters-edge,yellow,upright,medium,4,0.5,0.5,false,false
seel,86,water,Seafoam Islands 1f,seafoam-islands-1f,red,walk,30,30,20,,sea,white,fish,medium,4,0.5,0.5,false,false
shellder,90,water,Seafoam Islands 1f,seafoam-islands-1f,red,walk,28,28,4,,sea,purple,ball,slow,4,0.5,0.5,false,false
shellder,90,water,Seafoam Islands 1f,seafoam-islands-1f,red,walk,30,30,15,,sea,purple,ball,slow,4,0.5,0.5,false,false
slowpoke,79,water|psychic,Seafoam Islands 1f,seafoam-islands-1f,red,walk,30,30,20,,waters-edge,pink,quadruped,medium,4,0.5,0.5,false,false
zubat,41,poison|flying,Seafoam Islands 1f,seafoam-islands-1f,red,walk,21,21,10,,cave,purple,wings,medium,4,0.5,0.5,false,false
dewgong,87,water|ice,Seafoam Islands B1f,seafoam-islands-b1f,red,walk,38,38,4,,sea,white,fish,medium,4,0.5,0.5,false,false
horsea,116,water,Seafoam Islands B1f,seafoam-islands-b1f,red,walk,30,30,20,,sea,blue,blob,medium,4,0.5,0.5,false,false
horsea,116,water,Seafoam Islands B1f,seafoam-islands-b1f,red,walk,32,32,10,,sea,blue,blob,medium,4,0.5,0.5,false,false
seadra,117,water,Seafoam Islands B1f,seafoam-islands-b1f,red,walk,37,37,1,,sea,blue,blob,medium,4,0.5,0.5,false,false
seel,86,water,Seafoam Islands B1f,seafoam-islands-b1f,red,walk,28,28,5,,sea,white,fish,medium,4,0.5,0.5,false,false
seel,86,water,Seafoam Islands B1f,seafoam-islands-b1f,red,walk,30,30,10,,sea,white,fish,medium,4,0.5,0.5,false,false
shellder,90,water,Seafoam Islands B1f,seafoam-islands-b1f,red,walk,32,32,15,,sea,purple,ball,slow,4,0.5,0.5,false,false
slowpoke,79,water|psychic,Seafoam Islands B1f,seafoam-islands-b1f,red,walk,28,28,10,,waters-edge,pink,quadruped,medium,4,0.5,0.5,false,false
slowpoke,79,water|psychic,Seafoam Islands B1f,seafoam-islands-b1f,red,walk,30,30,5,,waters-edge,pink,quadruped,medium,4,0.5,0.5,false,false
staryu,120,water,Seafoam Islands B1f,seafoam-islands-b1f,red,walk,30,30,20,,sea,brown,blob,slow,-1,,,false,false
golbat,42,poison|flying,Seafoam Islands B2f,seafoam-islands-b2f,red,walk,30,30,4,,cave,purple,wings,medium,4,0.5,0.5,false,false
horsea,116,water,Seafoam Islands B2f,seafoam-islands-b2f,red,walk,28,28,10,,sea,blue,blob,medium,4,0.5,0.5,false,false
horsea,116,water,Seafoam Islands B2f,seafoam-islands-b2f,red,walk,30,30,5,,sea,blue,blob,medium,4,0.5,0.5,false,false
seel,86,water,Seafoam Islands B2f,seafoam-islands-b2f,red,walk,30,30,20,,sea,white,fish,medium,4,0.5,0.5,false,false
seel,86,water,Seafoam Islands B2f,seafoam-islands-b2f,red,walk,32,32,15,,sea,white,fish,medium,4,0.5,0.5,false,false
shellder,90,water,Seafoam Islands B2f,seafoam-islands-b2f,red,walk,28,28,5,,sea,purple,ball,slow,4,0.5,0.5,false,false
slowbro,80,water|psychic,Seafoam Islands B2f,seafoam-islands-b2f,red,walk,37,37,1,,waters-edge,pink,upright,medium,4,0.5,0.5,false,false
slowpoke,79,water|psychic,Seafoam Islands B2f,seafoam-islands-b2f,red,walk,30,30,20,,waters-edge,pink,quadruped,medium,4,0.5,0.5,false,false
slowpoke,79,water|psychic,Seafoam Islands B2f,seafoam-islands-b2f,red,walk,32,32,10,,waters-edge,pink,quadruped,medium,4,0.5,0.5,false,false
staryu,120,water,Seafoam Islands B2f,seafoam-islands-b2f,red,walk,30,30,10,,sea,brown,blob,slow,-1,,,false,false
dewgong,87,water|ice,Seafoam Islands B3f,seafoam-islands-b3f,red,walk,37,37,1,,sea,white,fish,medium,4,0.5,0.5,false,false
horsea,116,water,Seafoam Islands B3f,seafoam-islands-b3f,red,walk,29,29,10,,sea,blue,blob,medium,4,0.5,0.5,false,false
horsea,116,water,Seafoam Islands B3f,seafoam-islands-b3f,red,walk,31,31,5,,sea,blue,blob,medium,4,0.5,0.5,false,false
seadra,117,water,Seafoam Islands B3f,seafoam-islands-b3f,red,walk,39,39,4,,sea,blue,blob,medium,4,0.5,0.5,false,false
seel,86,water,Seafoam Islands B3f,seafoam-islands-b3f,red,walk,31,31,20,,sea,white,fish,medium,4,0.5,0.5,false,false
seel,86,water,Seafoam Islands B3f,seafoam-islands-b3f,red,walk,33,33,10,,sea,white,fish,medium,4,0.5,0.5,false,false
shellder,90,water,Seafoam Islands B3f,seafoam-islands-b3f,red,walk,29,29,5,,sea,purple,ball,slow,4,0.5,0.5,false,false
shellder,90,water,Seafoam Islands B3f,seafoam-islands-b3f,red,walk,31,31,10,,sea,purple,ball,slow,4,0.5,0.5,false,false
slowpoke,79,water|psychic,Seafoam Islands B3f,seafoam-islands-b3f,red,walk,31,31,20,,waters-edge,pink,quadruped,medium,4,0.5,0.5,false,false
slowpoke,79,water|psychic,Seafoam Islands B3f,seafoam-islands-b3f,red,walk,33,33,15,,waters-edge,pink,quadruped,medium,4,0.5,0.5,false,false
golbat,42,poison|flying,Seafoam Islands B4f,seafoam-islands-b4f,red,walk,32,32,1,,cave,purple,wings,medium,4,0.5,0.5,false,false
horsea,116,water,Seafoam Islands B4f,seafoam-islands-b4f,red,walk,31,31,20,,sea,blue,blob,medium,4,0.5,0.5,false,false
horsea,116,water,Seafoam Islands B4f,seafoam-islands-b4f,red,walk,33,33,15,,sea,blue,blob,medium,4,0.5,0.5,false,false
seel,86,water,Seafoam Islands B4f,seafoam-islands-b4f,red,walk,29,29,5,,sea,white,fish,medium,4,0.5,0.5,false,false
seel,86,water,Seafoam Islands B4f,seafoam-islands-b4f,red,walk,31,31,10,,sea,white,fish,medium,4,0.5,0.5,false,false
shellder,90,water,Seafoam Islands B4f,seafoam-islands-b4f,red,walk,31,31,20,,sea,purple,ball,slow,4,0.5,0.5,false,false
shellder,90,water,Seafoam Islands B4f,seafoam-islands-b4f,red,walk,33,33,10,,sea,purple,ball,slow,4,0.5,0.5,false,false
slowbro,80,water|psychic,Seafoam Islands B4f,seafoam-islands-b4f,red,walk,39,39,4,,waters-edge,pink,upright,medium,4,0.5,0.5,false,false
slowpoke,79,water|psychic,Seafoam Islands B4f,seafoam-islands-b4f,red,walk,29,29,10,,waters-edge,pink,quadruped,medium,4,0.5,0.5,false,false
slowpoke,79,water|psychic,Seafoam Islands B4f,seafoam-islands-b4f,red,walk,31,31,5,,waters-edge,pink,quadruped,medium,4,0.5,0.5,false,false
caterpie,10,bug,Viridian Forest,viridian-forest-area,red,walk,3,3,5,,forest,green,armor,medium,4,0.5,0.5,false,false
kakuna,14,bug|poison,Viridian Forest,viridian-forest-area,red,walk,4,4,10,,forest,yellow,squiggle,medium,4,0.5,0.5,false,false
kakuna,14,bug|poison,Viridian Forest,viridian-forest-area,red,walk,5,5,20,,forest,yellow,squiggle,medium,4,0.5,0.5,false,false
kakuna,14,bug|poison,Viridian Forest,viridian-forest-area,red,walk,6,6,10,,forest,yellow,squiggle,medium,4,0.5,0.5,false,false
metapod,11,bug,Viridian Forest,viridian-forest-area,red,walk,4,4,5,,forest,green,squiggle,medium,4,0.5,0.5,false,false
pikachu,25,electric,Viridian Forest,viridian-forest-area,red,walk,3,3,4,,forest,yellow,quadruped,medium,4,0.5,0.5,false,false
pikachu,25,electric,Viridian Forest,viridian-forest-area,red,walk,5,5,1,,forest,yellow,quadruped,medium,4,0.5,0.5,false,false
weedle,13,bug|poison,Viridian Forest,viridian-forest-area,red,walk,3,3,15,,forest,brown,armor,medium,4,0.5,0.5,false,false
weedle,13,bug|poison,Viridian Forest,viridian-forest-area,red,walk,4,4,20,,forest,brown,armor,medium,4,0.5,0.5,false,false
weedle,13,bug|poison,Viridian Forest,viridian-forest-area,red,walk,5,5,10,,forest,brown,armor,medium,4,0.5,0.5,false,false